clump_type	clone_index	nbr_radius	pvalue_adj	num_nbrs	expected_num_nbrs	raw_count	va	ja	cdr3a	vb	jb	cdr3b	clonotype_fdr_value	clumping_group	clusters_gex	clusters_tcr
global	2537	96	1.1620561966368992e-29	19	0.14159716320000001	64929.0	TRAV25*01	TRAJ54*01	CGAGAQKLVF	TRBV20-1*01	TRBJ2-2*01	CSAAPRATGELFF	6.082732338855331e-30	2	9	2
global	1355	48	1.2165464677710662e-29	9	0.0008374272	384.0	TRAV17*01	TRAJ10*01	CATGDTGGGNKLTF	TRBV19*01	TRBJ1-5*01	CASSGGGGNQPQHF	6.082732338855331e-30	3	2	9
global	2515	96	1.9428262023799747e-29	18	0.11079920639999999	50816.0	TRAV25*01	TRAJ54*01	CAAGAQKLVF	TRBV20-1*01	TRBJ1-2*01	CSAHESGNGYTF	6.476087341266582e-30	2	12	2
global	1354	48	1.1525958343880577e-28	9	0.0010751343999999999	493.0	TRAV17*01	TRAJ10*01	CATGDTGGGNKLTF	TRBV19*01	TRBJ1-5*01	CASSIGSGNQPQHF	2.881489585970144e-29	3	2	9
global	1362	48	6.535164211593688e-28	8	0.0004317984	198.0	TRAV17*01	TRAJ10*01	CATTFTGGGNKLTF	TRBV19*01	TRBJ1-5*01	CASSIGAGNQPQHF	1.3070328423187376e-28	3	6	9
global	2533	96	2.1333095884585383e-27	18	0.1441004556	66089.0	TRAV25*01	TRAJ54*01	CAQGAQKLVF	TRBV20-1*01	TRBJ1-2*01	CSVSGTGTGGYTF	3.5555159807642304e-28	2	2	2
global	2542	96	5.573612530480945e-27	17	0.11459013600000001	52545.0	TRAV25*01	TRAJ54*01	CGQGAQKLVF	TRBV20-1*01	TRBJ1-1*01	CSAGREGAFF	7.96230361497278e-28	2	5	2
global	1356	48	8.359957925741431e-27	7	0.00015265599999999998	70.0	TRAV17*01	TRAJ10*01	CATGFTGGGNKLTF	TRBV19*01	TRBJ1-5*01	CASSGGAGHQPQHF	1.044994740717679e-27	3	2	9
global	2524	96	1.0812592595522465e-26	18	0.1578114112	72364.0	TRAV25*01	TRAJ54*01	CAGGAQKLVF	TRBV20-1*01	TRBJ1-2*01	CSAGGSGSYGYTF	1.2013991772802739e-27	2	6	2
global	3578	96	2.3633963701059585e-26	12	0.0168588528	7732.0	TRAV35*01	TRAJ42*01	CAGQNYGGSQGNLIF	TRBV6-1*01	TRBJ1-2*01	CASSAKTGALSGYTF	2.3633963701059586e-27	1	2	5
global	2539	96	2.8183910952536484e-26	19	0.2141785488	98211.0	TRAV25*01	TRAJ54*01	CGGGAQKLVF	TRBV20-1*01	TRBJ2-1*01	CSASSSAYNEQFF	2.5621737229578624e-27	2	6	2
global	2529	96	5.095945090301953e-26	15	0.06826340160000001	31302.0	TRAV25*01	TRAJ54*01	CAKGAQKLVF	TRBV20-1*01	TRBJ1-2*01	CSAFERTANYGYTF	4.2466209085849604e-27	2	12	2
global	2531	96	6.991611916651257e-26	19	0.22478814079999998	103076.0	TRAV25*01	TRAJ54*01	CAKGAQKLVF	TRBV20-1*01	TRBJ2-1*01	CSSGGTAYNEQFF	5.37816301280866e-27	2	9	2
global	2541	96	1.0084723792270667e-25	18	0.17885176960000002	82012.0	TRAV25*01	TRAJ54*01	CGQGAQKLVF	TRBV20-1*01	TRBJ1-1*01	CSAQGWGNTEAFF	7.203374137336192e-27	2	5	2
global	1356	72	1.532959440652915e-25	10	0.00550652	2525.0	TRAV17*01	TRAJ10*01	CATGFTGGGNKLTF	TRBV19*01	TRBJ1-5*01	CASSGGAGHQPQHF	1.044994740717679e-27	3	2	9
global	1364	48	4.903497094607496e-25	8	0.0009879024	453.0	TRAV17*01	TRAJ10*01	CATVLTGGGNKLTF	TRBV19*01	TRBJ1-5*01	CASSRGAGNQPQHF	3.064685684129685e-26	3	2	9
global	2530	96	6.218345105550778e-25	19	0.2525388208	115801.0	TRAV25*01	TRAJ54*01	CAKGAQKLVF	TRBV20-1*01	TRBJ2-1*01	CSARSTAYNEQFF	3.657850062088693e-26	2	12	2
global	2520	96	1.7076223529168546e-24	15	0.0863688296	39626.0	TRAV25*01	TRAJ54*01	CAGGAQKLVF	TRBV20-1*01	TRBJ1-2*01	CSALRQGWSGYTF	9.486790849538081e-26	2	9	2
global	1353	72	1.8184717953669116e-24	10	0.0070527072	3234.0	TRAV17*01	TRAJ10*01	CATGATGGGNKLTF	TRBV19*01	TRBJ1-5*01	CASTLGGGNQPQHF	9.57090418614164e-26	3	3	9
global	2538	96	1.948419449026329e-24	16	0.1209384448	55456.0	TRAV25*01	TRAJ54*01	CGGGAQKLVF	TRBV20-1*01	TRBJ1-3*01	CSAPISGNTIYF	9.742097245131646e-26	2	5	2
global	1362	72	7.919571294803298e-24	10	0.0081714576	3747.0	TRAV17*01	TRAJ10*01	CATTFTGGGNKLTF	TRBV19*01	TRBJ1-5*01	CASSIGAGNQPQHF	1.3070328423187376e-28	3	6	9
global	1361	72	9.6703347634635e-24	9	0.0037902304	1738.0	TRAV17*01	TRAJ10*01	CATGTTGGGNKLTF	TRBV19*01	TRBJ1-5*01	CASGGAGNQPQHF	4.395606710665228e-25	3	2	9
global	2534	96	1.9236446247853295e-23	17	0.1857722604	85201.0	TRAV25*01	TRAJ54*01	CAQGAQKLVF	TRBV20-1*01	TRBJ2-2*01	CSASQSGTGELFF	8.363672281675345e-25	2	5	2
global	2522	96	2.519142986545096e-23	16	0.14209466280000002	65193.00000000001	TRAV25*01	TRAJ54*01	CAGGAQKLVF	TRBV20-1*01	TRBJ2-1*01	CSAVLTSVDEQFF	1.0496429110604565e-24	2	6	2
global	3517	96	3.0283925257674135e-23	12	0.0306380592	14049.000000000002	TRAV35*01	TRAJ42*01	CAALNYGGSQGNLIF	TRBV6-1*01	TRBJ1-2*01	CASSENSGSLYGYTF	1.2113570103069655e-24	1	5	5
global	2524	72	3.548148115908041e-23	11	0.0180439392	8274.0	TRAV25*01	TRAJ54*01	CAGGAQKLVF	TRBV20-1*01	TRBJ1-2*01	CSAGGSGSYGYTF	1.2013991772802739e-27	2	6	2
global	1358	48	3.944301922158642e-23	8	0.0017097472	784.0	TRAV17*01	TRAJ10*01	CATGLTGGGNKLTF	TRBV19*01	TRBJ1-5*01	CASSMGGGNQPQHF	1.46085256376246e-24	3	6	9
global	1347	48	5.539103190907108e-23	8	0.0017838944000000002	818.0	TRAV17*01	TRAJ10*01	CAPGLTGGGNKLTF	TRBV19*01	TRBJ1-5*01	CASSPGGGNQPQHF	1.9782511396096813e-24	3	6	9
global	1355	72	7.901115027803611e-23	10	0.0102868336	4717.0	TRAV17*01	TRAJ10*01	CATGDTGGGNKLTF	TRBV19*01	TRBJ1-5*01	CASSGGGGNQPQHF	6.082732338855331e-30	3	2	9
global	1355	24	8.029850257524609e-23	4	5.452e-07	0.25	TRAV17*01	TRAJ10*01	CATGDTGGGNKLTF	TRBV19*01	TRBJ1-5*01	CASSGGGGNQPQHF	6.082732338855331e-30	3	2	9
global	2521	96	8.221066856454058e-23	15	0.11200092560000001	51386.0	TRAV25*01	TRAJ54*01	CAGGAQKLVF	TRBV20-1*01	TRBJ1-2*01	CSAQGVEGYGYTF	2.6519570504690507e-24	2	9	2
global	1360	48	1.3455559905984734e-22	8	0.0019932511999999998	914.0	TRAV17*01	TRAJ10*01	CATGLTGGGNKLTF	TRBV19*01	TRBJ1-5*01	CASSRGGGNQPQHF	4.2048624706202295e-24	3	2	9
global	2517	96	1.45348931810466e-22	16	0.1586989968	72771.0	TRAV25*01	TRAJ54*01	CAAGAQKLVF	TRBV20-1*01	TRBJ2-3*01	CSASHTQYF	4.404513085165637e-24	2	2	2
global	1364	72	1.8132743435876204e-22	10	0.0111787808	5126.0	TRAV17*01	TRAJ10*01	CATVLTGGGNKLTF	TRBV19*01	TRBJ1-5*01	CASSRGAGNQPQHF	3.064685684129685e-26	3	2	9
global	1346	72	1.5634460068306989e-21	9	0.0066710672	3059.0	TRAV17*01	TRAJ10*01	CAMPRVGGGNKLTF	TRBV19*01	TRBJ1-5*01	CASSIGAGNQPQHF	4.4669885909448537e-23	3	5	9
global	1354	72	1.7229185620268785e-21	10	0.014005097599999999	6422.0	TRAV17*01	TRAJ10*01	CATGDTGGGNKLTF	TRBV19*01	TRBJ1-5*01	CASSIGSGNQPQHF	2.881489585970144e-29	3	2	9
global	3547	96	1.6477512931778277e-20	11	0.0315693264	14484.0	TRAV35*01	TRAJ42*01	CAGLNYGGSQGNLIF	TRBV6-1*01	TRBJ1-2*01	CASSGRQGALYGYTF	4.453381873453589e-22	1	6	5
global	3223	24	1.6941105784261793e-20	5	3.92544e-05	18.0	TRAV29/DV5*01	TRAJ54*01	CAARWEGAQKLVF	TRBV20-1*01	TRBJ2-3*01	CSSPSTDTQYF	4.458185732700472e-22	5	5	2
global	1358	72	2.2134394214151993e-20	10	0.0180853744	8293.0	TRAV17*01	TRAJ10*01	CATGLTGGGNKLTF	TRBV19*01	TRBJ1-5*01	CASSMGGGNQPQHF	1.46085256376246e-24	3	6	9
global	1347	72	2.3644386051293352e-20	10	0.0182053184	8348.0	TRAV17*01	TRAJ10*01	CAPGLTGGGNKLTF	TRBV19*01	TRBJ1-5*01	CASSPGGGNQPQHF	1.9782511396096813e-24	3	6	9
global	1360	72	2.742635484596793e-20	10	0.0184779184	8473.0	TRAV17*01	TRAJ10*01	CATGLTGGGNKLTF	TRBV19*01	TRBJ1-5*01	CASSRGGGNQPQHF	4.2048624706202295e-24	3	2	9
global	2516	96	2.695180441626521e-19	14	0.14100864840000002	64671.0	TRAV25*01	TRAJ54*01	CAAGAQKLVF	TRBV20-1*01	TRBJ2-1*01	CSAFPGTAYNEQFF	6.417096289586955e-21	2	2	2
global	2519	96	4.2808267717488093e-19	13	0.102299526	46935.0	TRAV25*01	TRAJ54*01	CAGGAQKLVF	TRBV20-1*01	TRBJ1-2*01	CSAEAGGANYGYTF	9.918157814763402e-21	2	9	2
global	2539	72	4.363989438495897e-19	10	0.024381344	11180.0	TRAV25*01	TRAJ54*01	CGGGAQKLVF	TRBV20-1*01	TRBJ2-1*01	CSASSSAYNEQFF	2.5621737229578624e-27	2	6	2
global	2523	96	1.5410365346700934e-18	13	0.1129785248	51806.0	TRAV25*01	TRAJ54*01	CAGGAQKLVF	TRBV20-1*01	TRBJ1-2*01	CSANDRGGSYGYTF	3.4245256326002074e-20	2	6	2
global	3573	96	7.434182990919434e-18	10	0.0323973144	14883.0	TRAV35*01	TRAJ42*01	CAGQNYGGSQGNLIF	TRBV6-2*01	TRBJ1-2*01	CASSPTRGALVGYTF	1.6161267371563984e-19	1	9	5
global	2535	96	9.201615389628702e-18	13	0.1297815888	59511.0	TRAV25*01	TRAJ54*01	CAQGAQKLVF	TRBV20-1*01	TRBJ2-3*01	CSAPTRTSTDTQYF	1.9577905084316386e-19	2	7	2
global	3516	96	2.320547053738063e-17	9	0.019420024	8905.0	TRAV35*01	TRAJ42*01	CAALNYGGSQGNLIF	TRBV6-1*01	TRBJ1-2*01	CASGGQGKLDGYTF	4.834473028620964e-19	1	2	5
global	2515	72	4.8577726284997076e-17	8	0.009877212	4530.0	TRAV25*01	TRAJ54*01	CAAGAQKLVF	TRBV20-1*01	TRBJ1-2*01	CSAHESGNGYTF	6.476087341266582e-30	2	12	2
global	3541	96	7.721425130650129e-17	8	0.0104669552	4804.0	TRAV35*01	TRAJ42*01	CAGLNYGGSQGNLIF	TRBV6-1*01	TRBJ1-2*01	CASIGTRGALRGYTF	1.5442850261300258e-18	1	5	5
global	2019	24	1.3486859083644277e-16	4	1.96272e-05	9.0	TRAV21*01	TRAJ40*01	CAASGTYKYIF	TRBV14*01	TRBJ1-1*01	CASSQGNRANTEAFF	2.5446903931404296e-18	7	5	8
global	2021	24	1.3486859083644277e-16	4	1.96272e-05	9.0	TRAV21*01	TRAJ40*01	CASTGTYKYIF	TRBV14*01	TRBJ1-1*01	CASSQGNRANTEAFF	2.5446903931404296e-18	7	9	8
global	2028	24	1.3486859083644277e-16	4	1.96272e-05	9.0	TRAV21*01	TRAJ40*01	CAVTGTYKYIF	TRBV14*01	TRBJ1-1*01	CASSQGNRANTEAFF	2.5446903931404296e-18	7	3	8
global	1353	96	2.5283049597804066e-16	11	0.0761055584	34898.0	TRAV17*01	TRAJ10*01	CATGATGGGNKLTF	TRBV19*01	TRBJ1-5*01	CASTLGGGNQPQHF	9.57090418614164e-26	3	3	9
global	1361	96	3.227119640999626e-16	10	0.0472993712	21689.0	TRAV17*01	TRAJ10*01	CATGTTGGGNKLTF	TRBV19*01	TRBJ1-5*01	CASGGAGNQPQHF	4.395606710665228e-25	3	2	9
global	2531	72	4.931711908509711e-16	9	0.0272948928	12516.0	TRAV25*01	TRAJ54*01	CAKGAQKLVF	TRBV20-1*01	TRBJ2-1*01	CSSGGTAYNEQFF	5.37816301280866e-27	2	9	2
global	3528	96	7.85397632977307e-16	10	0.0517198528	23716.0	TRAV35*01	TRAJ42*01	CAAVNYGGSQGNLIF	TRBV5-1*01	TRBJ2-2*01	CASSPRTGGSTGELFF	1.377890584170714e-17	6	2	5
global	2533	72	1.7345988455538786e-15	8	0.0154524948	7087.0	TRAV25*01	TRAJ54*01	CAQGAQKLVF	TRBV20-1*01	TRBJ1-2*01	CSVSGTGTGGYTF	3.5555159807642304e-28	2	2	2
global	1353	48	2.5925019901700593e-15	5	0.0004274368	196.0	TRAV17*01	TRAJ10*01	CATGATGGGNKLTF	TRBV19*01	TRBJ1-5*01	CASTLGGGNQPQHF	9.57090418614164e-26	3	3	9
global	3217	48	5.7683431405463804e-15	5	0.000501584	230.0	TRAV29/DV5*01	TRAJ54*01	CAARMEGAQKLVF	TRBV20-1*01	TRBJ2-3*01	CSAPKTDTQYF	9.613905234243966e-17	5	2	2
global	1356	96	7.255857985169781e-15	10	0.0646738048	29656.0	TRAV17*01	TRAJ10*01	CATGFTGGGNKLTF	TRBV19*01	TRBJ1-5*01	CASSGGAGHQPQHF	1.044994740717679e-27	3	2	9
global	3220	48	2.524305734165527e-14	5	0.0006738671999999999	309.0	TRAV29/DV5*01	TRAJ54*01	CAARWEGAQKLVF	TRBV20-1*01	TRBJ2-3*01	CSAPDSDTQYF	4.071460861557301e-16	5	2	2
global	1355	96	2.7618292908816248e-14	11	0.1170042816	53652.0	TRAV17*01	TRAJ10*01	CATGDTGGGNKLTF	TRBV19*01	TRBJ1-5*01	CASSGGGGNQPQHF	6.082732338855331e-30	3	2	9
global	3218	48	5.1958039236150485e-14	5	0.0007785456	357.0	TRAV29/DV5*01	TRAJ54*01	CAARVEGAQKLVF	TRBV20-1*01	TRBJ2-3*01	CSAPRTDTQYF	8.118443630648513e-16	5	5	2
global	3223	48	6.12962679145386e-14	5	0.0008047152	369.0	TRAV29/DV5*01	TRAJ54*01	CAARWEGAQKLVF	TRBV20-1*01	TRBJ2-3*01	CSSPSTDTQYF	4.458185732700472e-22	5	5	2
global	1354	96	7.433960387777468e-14	11	0.128143808	58760.0	TRAV17*01	TRAJ10*01	CATGDTGGGNKLTF	TRBV19*01	TRBJ1-5*01	CASSIGSGNQPQHF	2.881489585970144e-29	3	2	9
global	1360	24	7.704154241310002e-14	4	9.59552e-05	44.0	TRAV17*01	TRAJ10*01	CATGLTGGGNKLTF	TRBV19*01	TRBJ1-5*01	CASSRGGGNQPQHF	4.2048624706202295e-24	3	2	9
global	1346	96	1.5316671174818354e-13	10	0.0879211328	40316.0	TRAV17*01	TRAJ10*01	CAMPRVGGGNKLTF	TRBV19*01	TRBJ1-5*01	CASSIGAGNQPQHF	4.4669885909448537e-23	3	5	9
global	3548	96	2.2000616677200464e-13	9	0.0539036876	24731.0	TRAV35*01	TRAJ42*01	CAGLNYGGSQGNLIF	TRBV6-2*01	TRBJ1-2*01	CASSYPGTVKGYTF	3.188495170608763e-15	1	5	5
global	1358	96	2.645611725684715e-13	11	0.14400912800000001	66035.0	TRAV17*01	TRAJ10*01	CATGLTGGGNKLTF	TRBV19*01	TRBJ1-5*01	CASSMGGGNQPQHF	1.46085256376246e-24	3	6	9
global	1347	96	3.299019182242433e-13	11	0.146964112	67390.0	TRAV17*01	TRAJ10*01	CAPGLTGGGNKLTF	TRBV19*01	TRBJ1-5*01	CASSPGGGNQPQHF	1.9782511396096813e-24	3	6	9
global	3559	96	3.49916617652578e-13	8	0.030046809600000002	13788.0	TRAV35*01	TRAJ42*01	CAGMNYGGSQGNLIF	TRBV6-1*01	TRBJ1-2*01	CASLSSSLYGYTF	4.859953022952473e-15	1	2	5
global	3556	96	4.196797133686017e-13	8	0.030739795200000003	14106.000000000002	TRAV35*01	TRAJ42*01	CAGMNYGGSQGNLIF	TRBV11-2*01	TRBJ1-2*01	CASSQREGTLYGYTF	5.7490371694328995e-15	1	6	5
global	1360	96	4.4191655532852966e-13	11	0.1509724224	69228.0	TRAV17*01	TRAJ10*01	CATGLTGGGNKLTF	TRBV19*01	TRBJ1-5*01	CASSRGGGNQPQHF	4.2048624706202295e-24	3	2	9
global	3629	48	5.295254306994721e-13	5	0.0012386944	568.0	TRAV35*01	TRAJ53*01	CAGQLSGGSNYKLTF	TRBV11-2*01	TRBJ1-2*01	CASSLTGNYGYTF	6.967439877624633e-15	4	12	5
global	3630	48	5.295254306994721e-13	5	0.0012386944	568.0	TRAV35*01	TRAJ53*01	CAGQLSGGSNYKLTF	TRBV11-2*01	TRBJ1-2*01	CASSLTGNYGYTF	6.967439877624633e-15	4	2	5
global	1362	96	6.195792696754252e-13	10	0.1012305552	46419.00000000001	TRAV17*01	TRAJ10*01	CATTFTGGGNKLTF	TRBV19*01	TRBJ1-5*01	CASSIGAGNQPQHF	1.3070328423187376e-28	3	6	9
global	1364	96	1.3232341167997615e-12	10	0.10929079200000001	50115.0	TRAV17*01	TRAJ10*01	CATVLTGGGNKLTF	TRBV19*01	TRBJ1-5*01	CASSRGAGNQPQHF	3.064685684129685e-26	3	2	9
global	2529	72	1.5389211953276178e-12	6	0.0060909744	2793.0	TRAV25*01	TRAJ54*01	CAKGAQKLVF	TRBV20-1*01	TRBJ1-2*01	CSAFERTANYGYTF	4.2466209085849604e-27	2	12	2
global	3253	72	2.0759218440649886e-12	6	0.0064028288	2936.0	TRAV29/DV5*01	TRAJ58*01	CAARVEGGSRLTF	TRBV20-1*01	TRBJ2-3*01	CSASSSDTQYF	2.594902305081236e-14	5	2	2
global	3542	96	3.653782776749956e-12	7	0.018890196	8670.0	TRAV35*01	TRAJ42*01	CAGLNYGGSQGNLIF	TRBV6-1*01	TRBJ1-2*01	CASITKDRGFGYTF	4.5108429342592044e-14	1	9	5
global	1780	24	4.7130084178824725e-12	3	1.0904000000000001e-05	5.0	TRAV2*01	TRAJ39*01	CAVHNAGNMLTF	TRBV7-3*01	TRBJ2-3*01	CASSLAGGSTDTQYF	5.747571241320089e-14	9	5	13
global	2520	72	8.912330601689726e-12	6	0.008164781599999999	3746.0	TRAV25*01	TRAJ54*01	CAGGAQKLVF	TRBV20-1*01	TRBJ1-2*01	CSALRQGWSGYTF	9.486790849538081e-26	2	9	2
global	2027	24	2.7455847701082707e-11	3	1.962e-05	9.0	TRAV21*01	TRAJ40*01	CAVTGTYKYIF	TRBV14*01	TRBJ1-1*01	CASSQGNRANTEAFF	3.1960564264738606e-13	7	5	8
global	2026	24	2.7470963710826657e-11	3	1.96236e-05	9.0	TRAV21*01	TRAJ40*01	CAVTGTYKYIF	TRBV14*01	TRBJ1-1*01	CASSQGNRANTEAFF	3.1960564264738606e-13	7	9	8
global	3220	24	2.74860852676752e-11	3	1.96272e-05	9.0	TRAV29/DV5*01	TRAJ54*01	CAARWEGAQKLVF	TRBV20-1*01	TRBJ2-3*01	CSAPDSDTQYF	4.071460861557301e-16	5	2	2
global	3221	48	3.5562728292415373e-11	4	0.00044480160000000003	204.0	TRAV29/DV5*01	TRAJ54*01	CAARWEGAQKLVF	TRBV20-1*01	TRBJ2-3*01	CSAPNSDTQYF	4.087669918668434e-13	5	6	2
global	2521	72	4.985887223420937e-11	6	0.010882742800000001	4993.0	TRAV25*01	TRAJ54*01	CAGGAQKLVF	TRBV20-1*01	TRBJ1-2*01	CSAQGVEGYGYTF	2.6519570504690507e-24	2	9	2
global	2028	48	5.552828212554415e-11	4	0.0004972224	228.0	TRAV21*01	TRAJ40*01	CAVTGTYKYIF	TRBV14*01	TRBJ1-1*01	CASSQGNRANTEAFF	2.5446903931404296e-18	7	3	8
global	2021	48	5.552828212554415e-11	4	0.0004972224	228.0	TRAV21*01	TRAJ40*01	CASTGTYKYIF	TRBV14*01	TRBJ1-1*01	CASSQGNRANTEAFF	2.5446903931404296e-18	7	9	8
global	3568	96	6.04061776921701e-11	7	0.028235272800000003	12971.0	TRAV35*01	TRAJ42*01	CAGQNYGGSQGNLIF	TRBV11-2*01	TRBJ1-2*01	CASSSRPGSTSGYTF	6.61417477387932e-13	1	2	5
global	2523	72	6.085040791968975e-11	6	0.0112507472	5159.0	TRAV25*01	TRAJ54*01	CAGGAQKLVF	TRBV20-1*01	TRBJ1-2*01	CSANDRGGSYGYTF	3.4245256326002074e-20	2	6	2
global	1783	24	8.283475207051066e-11	3	2.8350400000000002e-05	13.0	TRAV2*01	TRAJ39*01	CAVNNAGNMLTF	TRBV7-3*01	TRBJ2-3*01	CASSRAGGSTDTQYF	8.719447586369544e-13	9	2	13
global	1781	24	8.283475207051066e-11	3	2.8350400000000002e-05	13.0	TRAV2*01	TRAJ39*01	CAVNNAGNMLTF	TRBV7-3*01	TRBJ2-3*01	CASSRAGGSTDTQYF	8.719447586369544e-13	9	5	13
global	1782	24	8.283475207051066e-11	3	2.8350400000000002e-05	13.0	TRAV2*01	TRAJ39*01	CAVNNAGNMLTF	TRBV7-3*01	TRBJ2-3*01	CASSRAGGSTDTQYF	8.719447586369544e-13	9	5	13
global	3217	72	8.91860002384315e-11	6	0.011992219200000001	5499.0	TRAV29/DV5*01	TRAJ54*01	CAARMEGAQKLVF	TRBV20-1*01	TRBJ2-3*01	CSAPKTDTQYF	9.613905234243966e-17	5	2	2
global	2019	48	9.389533078315651e-11	4	0.000567008	260.0	TRAV21*01	TRAJ40*01	CAASGTYKYIF	TRBV14*01	TRBJ1-1*01	CASSQGNRANTEAFF	2.5446903931404296e-18	7	5	8
global	3549	96	1.0504920105213788e-10	7	0.0305667104	14023.999999999998	TRAV35*01	TRAJ42*01	CAGLNYGGSQGNLIF	TRBV6-6*01	TRBJ1-2*01	CASSHGQGALRGYTF	1.0719306229809988e-12	1	5	5
global	3222	48	1.3545420187233268e-10	4	0.000621414	285.0	TRAV29/DV5*01	TRAJ54*01	CAARWEGAQKLVF	TRBV20-1*01	TRBJ2-3*01	CSAPSSDTQYF	1.3682242613366939e-12	5	5	2
global	3556	72	1.4490603048636523e-10	5	0.0038070624	1747.0	TRAV35*01	TRAJ42*01	CAGMNYGGSQGNLIF	TRBV11-2*01	TRBJ1-2*01	CASSQREGTLYGYTF	5.7490371694328995e-15	1	6	5
global	3517	72	1.587994459870435e-10	5	0.0038774623999999996	1778.0	TRAV35*01	TRAJ42*01	CAALNYGGSQGNLIF	TRBV6-1*01	TRBJ1-2*01	CASSENSGSLYGYTF	1.2113570103069655e-24	1	5	5
global	3560	96	1.7236529001849408e-10	7	0.0328165728	15059.0	TRAV35*01	TRAJ42*01	CAGMNYGGSQGNLIF	TRBV6-1*01	TRBJ1-2*01	CASRPGQGIGGYTF	1.6898557844950399e-12	1	2	5
global	2516	72	2.2943982762016082e-10	6	0.014041776	6440.0	TRAV25*01	TRAJ54*01	CAAGAQKLVF	TRBV20-1*01	TRBJ2-1*01	CSAFPGTAYNEQFF	6.417096289586955e-21	2	2	2
global	3220	72	2.4731546929297953e-10	6	0.014218815999999999	6520.0	TRAV29/DV5*01	TRAJ54*01	CAARWEGAQKLVF	TRBV20-1*01	TRBJ2-3*01	CSAPDSDTQYF	4.071460861557301e-16	5	2	2
global	3223	72	3.729427693987153e-10	6	0.015228526400000001	6983.000000000001	TRAV29/DV5*01	TRAJ54*01	CAARWEGAQKLVF	TRBV20-1*01	TRBJ2-3*01	CSSPSTDTQYF	4.458185732700472e-22	5	5	2
global	3591	72	4.997581517697956e-10	5	0.0048775548	2237.0	TRAV35*01	TRAJ42*01	CASMNYGGSQGNLIF	TRBV11-2*01	TRBJ1-2*01	CASSSTGGNIYGYTF	4.714699544998072e-12	1	9	5
global	2537	72	6.479392625699457e-10	6	0.016700566400000002	7658.0	TRAV25*01	TRAJ54*01	CGAGAQKLVF	TRBV20-1*01	TRBJ2-2*01	CSAAPRATGELFF	6.082732338855331e-30	2	9	2
global	3218	72	7.349935971285225e-10	6	0.0170560368	7821.0	TRAV29/DV5*01	TRAJ54*01	CAARVEGAQKLVF	TRBV20-1*01	TRBJ2-3*01	CSAPRTDTQYF	8.118443630648513e-16	5	5	2
global	3114	24	7.416941878487403e-10	3	5.8870800000000006e-05	27.000000000000004	TRAV29/DV5*01	TRAJ43*01	CAASGDNNDMRF	TRBV18*01	TRBJ2-7*01	CASSPTNYEQYF	6.804533833474682e-12	8	9	0
global	3630	24	1.0179681927716142e-09	3	6.5424e-05	30.0	TRAV35*01	TRAJ53*01	CAGQLSGGSNYKLTF	TRBV11-2*01	TRBJ1-2*01	CASSLTGNYGYTF	6.967439877624633e-15	4	2	5
global	3629	24	1.0179681927716142e-09	3	6.5424e-05	30.0	TRAV35*01	TRAJ53*01	CAGQLSGGSNYKLTF	TRBV11-2*01	TRBJ1-2*01	CASSLTGNYGYTF	6.967439877624633e-15	4	12	5
global	3541	72	1.218674044999217e-09	4	0.0010763272	494.0	TRAV35*01	TRAJ42*01	CAGLNYGGSQGNLIF	TRBV6-1*01	TRBJ1-2*01	CASIGTRGALRGYTF	1.5442850261300258e-18	1	5	5
global	1347	24	1.2354323194290021e-09	3	6.97856e-05	32.0	TRAV17*01	TRAJ10*01	CAPGLTGGGNKLTF	TRBV19*01	TRBJ1-5*01	CASSPGGGNQPQHF	1.9782511396096813e-24	3	6	9
global	1358	24	2.4129221761980634e-09	3	8.723200000000001e-05	40.0	TRAV17*01	TRAJ10*01	CATGLTGGGNKLTF	TRBV19*01	TRBJ1-5*01	CASSMGGGNQPQHF	1.46085256376246e-24	3	6	9
global	3221	24	3.2405423354467253e-09	2	5.451e-07	0.25	TRAV29/DV5*01	TRAJ54*01	CAARWEGAQKLVF	TRBV20-1*01	TRBJ2-3*01	CSAPNSDTQYF	4.087669918668434e-13	5	6	2
global	2531	48	8.534957778663832e-09	4	0.0017511824	803.0	TRAV25*01	TRAJ54*01	CAKGAQKLVF	TRBV20-1*01	TRBJ2-1*01	CSSGGTAYNEQFF	5.37816301280866e-27	2	9	2
global	3458	96	1.0029886253746796e-08	7	0.058833622399999994	26978.0	TRAV35*01	TRAJ17*01	CAGQLNKAAGNKLTF	TRBV11-2*01	TRBJ1-2*01	CASSLTGAYGYTF	8.57255235362974e-11	4	6	5
global	3538	96	1.0641588371908658e-08	6	0.0266641544	12238.0	TRAV35*01	TRAJ42*01	CAGLNYGGSQGNLIF	TRBV11-2*01	TRBJ1-2*01	CASSSRANGLNGYTF	9.018295230431065e-11	1	9	5
global	3567	96	1.7161450159363447e-08	6	0.0288839592	13269.0	TRAV35*01	TRAJ42*01	CAGQNYGGSQGNLIF	TRBV11-2*01	TRBJ1-2*01	CASSPSRGSLGGYTF	1.442138668854071e-10	1	9	5
global	2530	72	1.7737125343984158e-08	6	0.0290438944	13317.999999999998	TRAV25*01	TRAJ54*01	CAKGAQKLVF	TRBV20-1*01	TRBJ2-1*01	CSARSTAYNEQFF	3.657850062088693e-26	2	12	2
global	3221	72	2.1204695190379816e-08	5	0.0103307352	4738.0	TRAV29/DV5*01	TRAJ54*01	CAARWEGAQKLVF	TRBV20-1*01	TRBJ2-3*01	CSAPNSDTQYF	4.087669918668434e-13	5	6	2
global	1346	48	2.5690778314880637e-08	3	0.0001919104	88.0	TRAV17*01	TRAJ10*01	CAMPRVGGGNKLTF	TRBV19*01	TRBJ1-5*01	CASSIGAGNQPQHF	4.4669885909448537e-23	3	5	9
global	3519	96	2.5778599259641248e-08	8	0.123226104	56505.00000000001	TRAV35*01	TRAJ42*01	CAALNYGGSQGNLIF	TRBV5-5*01	TRBJ1-2*01	CASSLQGGNGYTF	2.0958210780196137e-10	1	6	5
global	3540	96	4.8037479371848535e-08	6	0.0343161	15750.0	TRAV35*01	TRAJ42*01	CAGLNYGGSQGNLIF	TRBV5-5*01	TRBJ2-2*01	CASSPRTSGSTGELFF	3.8739902719232685e-10	6	2	5
global	3577	96	5.619262404812474e-08	6	0.0352293312	16184.0	TRAV35*01	TRAJ42*01	CAGQNYGGSQGNLIF	TRBV7-8*01	TRBJ1-2*01	CASSPRQGAINGYTF	4.495409923849979e-10	1	6	5
global	3630	72	5.803118912223373e-08	5	0.012639916800000001	5796.0	TRAV35*01	TRAJ53*01	CAGQLSGGSNYKLTF	TRBV11-2*01	TRBJ1-2*01	CASSLTGNYGYTF	6.967439877624633e-15	4	2	5
global	3629	72	5.803118912223373e-08	5	0.012639916800000001	5796.0	TRAV35*01	TRAJ53*01	CAGQLSGGSNYKLTF	TRBV11-2*01	TRBJ1-2*01	CASSLTGNYGYTF	6.967439877624633e-15	4	12	5
global	3591	96	5.924324899458422e-08	6	0.0355427004	16301.0	TRAV35*01	TRAJ42*01	CASMNYGGSQGNLIF	TRBV11-2*01	TRBJ1-2*01	CASSSTGGNIYGYTF	4.714699544998072e-12	1	9	5
global	3222	72	6.597159582719397e-08	5	0.012969019200000001	5948.0	TRAV29/DV5*01	TRAJ54*01	CAARWEGAQKLVF	TRBV20-1*01	TRBJ2-3*01	CSAPSSDTQYF	1.3682242613366939e-12	5	5	2
global	2028	72	7.287683398578348e-08	4	0.0029942384	1373.0	TRAV21*01	TRAJ40*01	CAVTGTYKYIF	TRBV14*01	TRBJ1-1*01	CASSQGNRANTEAFF	2.5446903931404296e-18	7	3	8
global	2021	72	7.287683398578348e-08	4	0.0029942384	1373.0	TRAV21*01	TRAJ40*01	CASTGTYKYIF	TRBV14*01	TRBJ1-1*01	CASSQGNRANTEAFF	2.5446903931404296e-18	7	9	8
global	2019	72	9.600277649110063e-08	4	0.0032079568	1470.9999999999998	TRAV21*01	TRAJ40*01	CAASGTYKYIF	TRBV14*01	TRBJ1-1*01	CASSQGNRANTEAFF	2.5446903931404296e-18	7	5	8
global	2470	96	1.4876198689380457e-07	7	0.0867871168	39796.0	TRAV25*01	TRAJ36*01	CAAGANNLFF	TRBV20-1*01	TRBJ1-2*01	CSAPPGGASGYTF	1.1185111796526658e-09	2	9	2
global	3547	72	1.744478414467762e-07	4	0.0037249364	1709.0	TRAV35*01	TRAJ42*01	CAGLNYGGSQGNLIF	TRBV6-1*01	TRBJ1-2*01	CASSGRQGALYGYTF	4.453381873453589e-22	1	6	5
global	3575	96	3.186170793633697e-07	7	0.0968850144	44508.0	TRAV35*01	TRAJ42*01	CAGQNYGGSQGNLIF	TRBV6-6*01	TRBJ1-2*01	CASSKRGDYGYTF	2.3601265138027385e-09	1	9	5
global	2027	48	4.462275357497199e-07	3	0.00049704	228.0	TRAV21*01	TRAJ40*01	CAVTGTYKYIF	TRBV14*01	TRBJ1-1*01	CASSQGNRANTEAFF	3.1960564264738606e-13	7	5	8
global	2026	48	4.4647318012035623e-07	3	0.0004971312	228.0	TRAV21*01	TRAJ40*01	CAVTGTYKYIF	TRBV14*01	TRBJ1-1*01	CASSQGNRANTEAFF	3.1960564264738606e-13	7	9	8
global	1782	48	8.010032944299983e-07	3	0.0006040816	277.0	TRAV2*01	TRAJ39*01	CAVNNAGNMLTF	TRBV7-3*01	TRBJ2-3*01	CASSRAGGSTDTQYF	8.719447586369544e-13	9	5	13
global	1781	48	8.010032944299983e-07	3	0.0006040816	277.0	TRAV2*01	TRAJ39*01	CAVNNAGNMLTF	TRBV7-3*01	TRBJ2-3*01	CASSRAGGSTDTQYF	8.719447586369544e-13	9	5	13
global	1783	48	8.010032944299983e-07	3	0.0006040816	277.0	TRAV2*01	TRAJ39*01	CAVNNAGNMLTF	TRBV7-3*01	TRBJ2-3*01	CASSRAGGSTDTQYF	8.719447586369544e-13	9	2	13
global	3222	24	8.295743158541881e-07	2	8.7216e-06	4.0	TRAV29/DV5*01	TRAJ54*01	CAARWEGAQKLVF	TRBV20-1*01	TRBJ2-3*01	CSAPSSDTQYF	1.3682242613366939e-12	5	5	2
global	3904	48	8.298787179811379e-07	2	8.7232e-06	4.0	TRAV38-2/DV8*01	TRAJ47*01	CAYAYGNKLVF	TRBV7-8*01	TRBJ2-3*01	CASSLVTGGSTDTQYF	5.803347678189776e-09	11	12	4
global	3217	24	8.298787179811379e-07	2	8.7232e-06	4.0	TRAV29/DV5*01	TRAJ54*01	CAARMEGAQKLVF	TRBV20-1*01	TRBJ2-3*01	CSAPKTDTQYF	9.613905234243966e-17	5	2	2
global	2541	72	1.0073597005664586e-06	5	0.022405539199999998	10273.999999999998	TRAV25*01	TRAJ54*01	CGQGAQKLVF	TRBV20-1*01	TRBJ1-1*01	CSAQGWGNTEAFF	7.203374137336192e-27	2	5	2
global	3528	72	1.3381701221946753e-06	4	0.0062021952	2844.0	TRAV35*01	TRAJ42*01	CAAVNYGGSQGNLIF	TRBV5-1*01	TRBJ2-2*01	CASSPRTGGSTGELFF	1.377890584170714e-17	6	2	5
global	3113	48	1.6147612757633489e-06	3	0.00076314	350.0	TRAV29/DV5*01	TRAJ43*01	CAASGDNNDMRF	TRBV18*01	TRBJ2-7*01	CASSPLNYEQYF	1.106000873810513e-08	8	7	0
global	2967	24	1.8672216860718707e-06	2	1.30848e-05	6.0	TRAV29/DV5*01	TRAJ15*01	CAASSNQAGTALIF	TRBV19*01	TRBJ2-7*01	CASSIQGPYEQYF	1.2702188340624971e-08	13	6	0
global	1780	48	1.955479651358361e-06	3	0.0008134384	373.00000000000006	TRAV2*01	TRAJ39*01	CAVHNAGNMLTF	TRBV7-3*01	TRBJ2-3*01	CASSLAGGSTDTQYF	5.747571241320089e-14	9	5	13
global	3523	96	2.0400685227515047e-06	5	0.0258163104	11838.0	TRAV35*01	TRAJ42*01	CAAMNYGGSQGNLIF	TRBV11-2*01	TRBJ1-2*01	CASSFGQGDVGGYTF	1.3691735052023524e-08	1	9	5
global	2516	48	3.2737787515198876e-06	3	0.0009659172	443.0	TRAV25*01	TRAJ54*01	CAAGAQKLVF	TRBV20-1*01	TRBJ2-1*01	CSAFPGTAYNEQFF	6.417096289586955e-21	2	2	2
global	3113	24	3.3182779695862676e-06	2	1.74432e-05	8.0	TRAV29/DV5*01	TRAJ43*01	CAASGDNNDMRF	TRBV18*01	TRBJ2-7*01	CASSPLNYEQYF	1.106000873810513e-08	8	7	0
global	2683	24	3.319495567473646e-06	2	1.74464e-05	8.0	TRAV26-1*01	TRAJ47*01	CIVRVENGNKLVF	TRBV18*01	TRBJ2-4*01	CASSPGAKNIQYF	2.1838786628116093e-08	10	2	6
global	3633	72	3.4361763318566883e-06	4	0.0078538008	3602.0	TRAV35*01	TRAJ53*01	CAGRLSGGSNYKLTF	TRBV11-2*01	TRBJ1-2*01	CASSLTGNYGYTF	2.231283332374473e-08	4	6	5
global	3634	72	3.4361763318566883e-06	4	0.0078538008	3602.0	TRAV35*01	TRAJ53*01	CAGRLSGGSNYKLTF	TRBV11-2*01	TRBJ1-2*01	CASSLTGNYGYTF	2.231283332374473e-08	4	9	5
global	2474	72	4.402978338850375e-06	4	0.0083568256	3832.0	TRAV25*01	TRAJ36*01	CAWGANNLFF	TRBV20-1*01	TRBJ2-1*01	CSAHGTSAYNEQFF	2.840631186355081e-08	2	9	2
global	3114	48	5.324709561524319e-06	3	0.0011359884	521.0	TRAV29/DV5*01	TRAJ43*01	CAASGDNNDMRF	TRBV18*01	TRBJ2-7*01	CASSPTNYEQYF	6.804533833474682e-12	8	9	0
global	2524	48	6.544824383767474e-06	3	0.0012168863999999998	558.0	TRAV25*01	TRAJ54*01	CAGGAQKLVF	TRBV20-1*01	TRBJ1-2*01	CSAGGSGSYGYTF	1.2013991772802739e-27	2	6	2
global	2664	72	7.0128490654470805e-06	3	0.0012452368	571.0	TRAV26-1*01	TRAJ43*01	CIVRAENNNDMRF	TRBV18*01	TRBJ2-4*01	CASSQGAKNIQYF	4.4385120667386585e-08	10	5	6
global	3533	96	7.385001141495392e-06	5	0.0334338448	15331.0	TRAV35*01	TRAJ42*01	CAGKNYGGSQGNLIF	TRBV7-3*01	TRBJ1-2*01	CASSPGPGSPYGYTF	4.644654805971944e-08	1	9	5
global	3583	96	8.038386254316976e-06	6	0.0810952288	37186.0	TRAV35*01	TRAJ42*01	CAGRNYGGSQGNLIF	TRBV6-2*01	TRBJ1-2*01	CASSYTFGYTF	5.023991408948111e-08	1	6	5
global	3633	24	8.762264079193475e-06	2	2.83452e-05	13.0	TRAV35*01	TRAJ53*01	CAGRLSGGSNYKLTF	TRBV11-2*01	TRBJ1-2*01	CASSLTGNYGYTF	2.231283332374473e-08	4	6	5
global	3634	24	8.762264079193475e-06	2	2.83452e-05	13.0	TRAV35*01	TRAJ53*01	CAGRLSGGSNYKLTF	TRBV11-2*01	TRBJ1-2*01	CASSLTGNYGYTF	2.231283332374473e-08	4	9	5
global	2539	48	1.0153843134183248e-05	3	0.0014087968	646.0	TRAV25*01	TRAJ54*01	CGGGAQKLVF	TRBV20-1*01	TRBJ2-1*01	CSASSSAYNEQFF	2.5621737229578624e-27	2	6	2
global	3218	24	1.0165866496291924e-05	2	3.05312e-05	14.0	TRAV29/DV5*01	TRAJ54*01	CAARVEGAQKLVF	TRBV20-1*01	TRBJ2-3*01	CSAPRTDTQYF	8.118443630648513e-16	5	5	2
global	3578	72	1.0242773797612016e-05	3	0.0014128991999999999	648.0	TRAV35*01	TRAJ42*01	CAGQNYGGSQGNLIF	TRBV6-1*01	TRBJ1-2*01	CASSAKTGALSGYTF	2.3633963701059586e-27	1	2	5
global	2530	24	1.1669982837850093e-05	2	3.2712e-05	15.0	TRAV25*01	TRAJ54*01	CAKGAQKLVF	TRBV20-1*01	TRBJ2-1*01	CSARSTAYNEQFF	3.657850062088693e-26	2	12	2
global	3516	72	1.3365605290004958e-05	3	0.0015440064	708.0	TRAV35*01	TRAJ42*01	CAALNYGGSQGNLIF	TRBV6-1*01	TRBJ1-2*01	CASGGQGKLDGYTF	4.834473028620964e-19	1	2	5
global	1460	96	1.6610523374685955e-05	6	0.09166120479999999	42030.99999999999	TRAV17*01	TRAJ39*01	CAGGGNAGNMLTF	TRBV19*01	TRBJ1-5*01	CASSVTGGNQPQHF	9.887216294455925e-08	3	5	9
global	3572	96	1.6852974353577788e-05	5	0.0394719144	18133.0	TRAV35*01	TRAJ42*01	CAGQNYGGSQGNLIF	TRBV6-1*01	TRBJ1-2*01	CASFRGGVNGYTF	9.972174173714667e-08	1	9	5
global	2522	72	1.759879901275441e-05	4	0.01182433	5425.0	TRAV25*01	TRAJ54*01	CAGGAQKLVF	TRBV20-1*01	TRBJ2-1*01	CSAVLTSVDEQFF	1.0496429110604565e-24	2	6	2
global	2530	48	1.773282508210032e-05	3	0.0016966624	778.0	TRAV25*01	TRAJ54*01	CAKGAQKLVF	TRBV20-1*01	TRBJ2-1*01	CSARSTAYNEQFF	3.657850062088693e-26	2	12	2
global	3523	72	2.184225716270141e-05	3	0.0018187872000000002	834.0	TRAV35*01	TRAJ42*01	CAAMNYGGSQGNLIF	TRBV11-2*01	TRBJ1-2*01	CASSFGQGDVGGYTF	1.3691735052023524e-08	1	9	5
global	2542	72	2.3187338206279988e-05	4	0.012670448	5810.0	TRAV25*01	TRAJ54*01	CGQGAQKLVF	TRBV20-1*01	TRBJ1-1*01	CSAGREGAFF	7.96230361497278e-28	2	5	2
global	3629	96	2.495437959443026e-05	6	0.0981861584	45023.0	TRAV35*01	TRAJ53*01	CAGQLSGGSNYKLTF	TRBV11-2*01	TRBJ1-2*01	CASSLTGNYGYTF	6.967439877624633e-15	4	12	5
global	3630	96	2.495437959443026e-05	6	0.0981861584	45023.0	TRAV35*01	TRAJ53*01	CAGQLSGGSNYKLTF	TRBV11-2*01	TRBJ1-2*01	CASSLTGNYGYTF	6.967439877624633e-15	4	2	5
global	3521	96	2.9709261023362077e-05	5	0.0442462512	20289.0	TRAV35*01	TRAJ42*01	CAALNYGGSQGNLIF	TRBV4-1*01	TRBJ1-2*01	CASSPDRGNGYTF	1.688026194509209e-07	1	9	5
global	3538	72	3.5332886281733536e-05	3	0.0021352240000000002	980.0	TRAV35*01	TRAJ42*01	CAGLNYGGSQGNLIF	TRBV11-2*01	TRBJ1-2*01	CASSSRANGLNGYTF	9.018295230431065e-11	1	9	5
global	3568	72	3.556013819379115e-05	3	0.0021397944	983.0	TRAV35*01	TRAJ42*01	CAGQNYGGSQGNLIF	TRBV11-2*01	TRBJ1-2*01	CASSSRPGSTSGYTF	6.61417477387932e-13	1	2	5
global	3567	72	4.066776709849863e-05	3	0.0022377504	1028.0	TRAV35*01	TRAJ42*01	CAGQNYGGSQGNLIF	TRBV11-2*01	TRBJ1-2*01	CASSPSRGSLGGYTF	1.442138668854071e-10	1	9	5
global	3218	96	4.1669695922218205e-05	7	0.1968041152	90244.0	TRAV29/DV5*01	TRAJ54*01	CAARVEGAQKLVF	TRBV20-1*01	TRBJ2-3*01	CSAPRTDTQYF	8.118443630648513e-16	5	5	2
global	3555	96	4.5843568074528384e-05	6	0.1088256	49920.0	TRAV35*01	TRAJ42*01	CAGMNYGGSQGNLIF	TRBV5-5*01	TRBJ1-2*01	CASSLRGADGYTF	2.5204617762832966e-07	1	5	5
global	3253	96	4.5872404328356e-05	6	0.10883718560000001	49907.0	TRAV29/DV5*01	TRAJ58*01	CAARVEGGSRLTF	TRBV20-1*01	TRBJ2-3*01	CSASSSDTQYF	2.594902305081236e-14	5	2	2
global	3111	24	6.716774372560705e-05	2	7.848e-05	36.0	TRAV29/DV5*01	TRAJ43*01	CAASADNNDMRF	TRBV18*01	TRBJ2-7*01	CASSPVNYEQYF	3.670368509596014e-07	8	5	0
global	3109	24	7.483791668505848e-05	2	8.284e-05	38.0	TRAV29/DV5*01	TRAJ43*01	CAASADNNDMRF	TRBV18*01	TRBJ2-7*01	CASSPANYEQYF	4.0672780807097e-07	8	2	0
global	3527	72	8.477516630640372e-05	3	0.0028590288	1311.0	TRAV35*01	TRAJ42*01	CAAVNYGGSQGNLIF	TRBV5-1*01	TRBJ2-1*01	CASSPRLAGGSLNEQFF	4.5824414219677687e-07	6	2	5
global	2027	72	9.726363045556404e-05	3	0.00299314	1373.0	TRAV21*01	TRAJ40*01	CAVTGTYKYIF	TRBV14*01	TRBJ1-1*01	CASSQGNRANTEAFF	3.1960564264738606e-13	7	5	8
global	2026	72	9.731713981410495e-05	3	0.0029936892	1373.0	TRAV21*01	TRAJ40*01	CAVTGTYKYIF	TRBV14*01	TRBJ1-1*01	CASSQGNRANTEAFF	3.1960564264738606e-13	7	9	8
global	3628	72	0.00015366424767736207	4	0.020360575199999998	9338.0	TRAV35*01	TRAJ53*01	CAGQLSGGSNYKLTF	TRBV5-1*01	TRBJ1-2*01	CASSLTGNYGYTF	8.130383474992703e-07	4	2	5
global	3627	72	0.00015366424767736207	4	0.020360575199999998	9338.0	TRAV35*01	TRAJ53*01	CAGQLSGGSNYKLTF	TRBV5-1*01	TRBJ1-2*01	CASSLTGNYGYTF	8.130383474992703e-07	4	9	5
global	3634	96	0.00019519125266406274	5	0.0646946484	29671.0	TRAV35*01	TRAJ53*01	CAGRLSGGSNYKLTF	TRBV11-2*01	TRBJ1-2*01	CASSLTGNYGYTF	2.231283332374473e-08	4	9	5
global	3633	96	0.00019519125266406274	5	0.0646946484	29671.0	TRAV35*01	TRAJ53*01	CAGRLSGGSNYKLTF	TRBV11-2*01	TRBJ1-2*01	CASSLTGNYGYTF	2.231283332374473e-08	4	6	5
global	2534	72	0.00022637803246475298	4	0.0224406768	10292.0	TRAV25*01	TRAJ54*01	CAQGAQKLVF	TRBV20-1*01	TRBJ2-2*01	CSASQSGTGELFF	8.363672281675345e-25	2	5	2
global	3217	96	0.00031950266092682037	6	0.1513191696	69387.0	TRAV29/DV5*01	TRAJ54*01	CAARMEGAQKLVF	TRBV20-1*01	TRBJ2-3*01	CSAPKTDTQYF	9.613905234243966e-17	5	2	2
global	1306	96	0.0003313716307009471	3	0.0045055328	2066.0	TRAV16*01	TRAJ40*01	CALRWTSGTYKYIF	TRBV12-4*01	TRBJ2-2*01	CASSRLGVNTGELFF	1.7081011891801397e-06	12	6	14
global	1304	72	0.00035727361865036614	2	0.0001810064	83.0	TRAV16*01	TRAJ40*01	CALRRGSGTYKYIF	TRBV12-4*01	TRBJ2-2*01	CASSLAGVDTGELFF	1.81682583798244e-06	12	5	14
global	2028	96	0.0003579146900825407	4	0.025177335999999998	11545.0	TRAV21*01	TRAJ40*01	CAVTGTYKYIF	TRBV14*01	TRBJ1-1*01	CASSQGNRANTEAFF	2.5446903931404296e-18	7	3	8
global	2021	96	0.0003579146900825407	4	0.025177335999999998	11545.0	TRAV21*01	TRAJ40*01	CASTGTYKYIF	TRBV14*01	TRBJ1-1*01	CASSQGNRANTEAFF	2.5446903931404296e-18	7	9	8
global	3223	96	0.00045233245715603677	6	0.1605570384	73623.0	TRAV29/DV5*01	TRAJ54*01	CAARWEGAQKLVF	TRBV20-1*01	TRBJ2-3*01	CSSPSTDTQYF	4.458185732700472e-22	5	5	2
global	3527	96	0.0004639600646544052	4	0.0268739984	12323.0	TRAV35*01	TRAJ42*01	CAAVNYGGSQGNLIF	TRBV5-1*01	TRBJ2-1*01	CASSPRLAGGSLNEQFF	4.5824414219677687e-07	6	2	5
global	2019	96	0.0005519726228017766	4	0.028073438399999998	12873.0	TRAV21*01	TRAJ40*01	CAASGTYKYIF	TRBV14*01	TRBJ1-1*01	CASSQGNRANTEAFF	2.5446903931404296e-18	7	5	8
global	3588	96	0.0005704482266925389	4	0.028306783999999998	12979.999999999998	TRAV35*01	TRAJ42*01	CAGVNYGGSQGNLIF	TRBV5-1*01	TRBJ2-2*01	CASSSRLAGALGELFF	2.838050879067358e-06	6	6	5
global	3220	96	0.0005988776036671876	6	0.168434088	77235.0	TRAV29/DV5*01	TRAJ54*01	CAARWEGAQKLVF	TRBV20-1*01	TRBJ2-3*01	CSAPDSDTQYF	4.071460861557301e-16	5	2	2
global	1783	72	0.0007315122855321133	3	0.0058685327999999995	2691.0	TRAV2*01	TRAJ39*01	CAVNNAGNMLTF	TRBV7-3*01	TRBJ2-3*01	CASSRAGGSTDTQYF	8.719447586369544e-13	9	2	13
global	1781	72	0.0007315122855321133	3	0.0058685327999999995	2691.0	TRAV2*01	TRAJ39*01	CAVNNAGNMLTF	TRBV7-3*01	TRBJ2-3*01	CASSRAGGSTDTQYF	8.719447586369544e-13	9	5	13
global	1782	72	0.0007315122855321133	3	0.0058685327999999995	2691.0	TRAV2*01	TRAJ39*01	CAVNNAGNMLTF	TRBV7-3*01	TRBJ2-3*01	CASSRAGGSTDTQYF	8.719447586369544e-13	9	5	13
global	3565	96	0.0008286755829921449	4	0.0310938464	14258.0	TRAV35*01	TRAJ42*01	CAGQNYGGSQGNLIF	TRBV9*01	TRBJ2-2*01	CASSPRGAANTGELFF	4.022697004816237e-06	6	2	5
global	2474	96	0.0008361712328734873	5	0.0868634448	39831.0	TRAV25*01	TRAJ36*01	CAWGANNLFF	TRBV20-1*01	TRBJ2-1*01	CSAHGTSAYNEQFF	2.840631186355081e-08	2	9	2
global	2966	48	0.000889932461220963	2	0.00028568479999999997	131.0	TRAV29/DV5*01	TRAJ15*01	CAASSNQAGTALIF	TRBV19*01	TRBJ2-7*01	CASSEAGPYEQYF	4.278521448177706e-06	13	9	0
global	1717	96	0.0010550699480149728	3	0.006631812799999999	3040.9999999999995	TRAV2*01	TRAJ20*01	CAVEGNDYKLSF	TRBV28*01	TRBJ2-2*01	CASRLNRGRGGELFF	5.04818156944963e-06	22	2	13
global	2969	48	0.0011667692606078498	2	0.00032711999999999997	150.0	TRAV29/DV5*01	TRAJ15*01	CAATSNQAGTALIF	TRBV19*01	TRBJ2-7*01	CASSIQGPYEQYF	5.556044098132617e-06	13	5	0
global	3554	96	0.0015327825300991947	5	0.0982417	45065.0	TRAV35*01	TRAJ42*01	CAGMNYGGSQGNLIF	TRBV5-5*01	TRBJ1-2*01	CASSFRGDYGYTF	7.264372180564903e-06	1	2	5
global	2683	72	0.0017343051235277503	3	0.007829072000000001	3590.0000000000005	TRAV26-1*01	TRAJ47*01	CIVRVENGNKLVF	TRBV18*01	TRBJ2-4*01	CASSPGAKNIQYF	2.1838786628116093e-08	10	2	6
global	1780	72	0.001804663202477767	3	0.0079337504	3638.0	TRAV2*01	TRAJ39*01	CAVHNAGNMLTF	TRBV7-3*01	TRBJ2-3*01	CASSLAGGSTDTQYF	5.747571241320089e-14	9	5	13
global	4640	48	0.0018132693156773304	2	0.00040780959999999996	187.0	TRAV8-3*01	TRAJ39*01	CAVGVKAGNMLTF	TRBV20-1*01	TRBJ2-2*01	CSASGRNTGELFF	8.473221101295936e-06	15	2	12
global	1306	72	0.001911518034764938	2	0.0004187136	192.0	TRAV16*01	TRAJ40*01	CALRWTSGTYKYIF	TRBV12-4*01	TRBJ2-2*01	CASSRLGVNTGELFF	1.7081011891801397e-06	12	6	14
global	3566	96	0.0019296883692408052	4	0.0384671312	17639.0	TRAV35*01	TRAJ42*01	CAGQNYGGSQGNLIF	TRBV12-4*01	TRBJ1-2*01	CASSLRTGSLGGYTF	8.933742450188913e-06	1	2	5
global	1303	72	0.0023524580642266153	2	0.0004645104	213.0	TRAV16*01	TRAJ40*01	CALRGASGTYKYIF	TRBV12-4*01	TRBJ2-2*01	CASSLTGVYTGELFF	1.0840820572472882e-05	12	2	14
global	3564	72	0.0024153332693045157	3	0.008745008	4010.0	TRAV35*01	TRAJ42*01	CAGQLYGGSQGNLIF	TRBV5-5*01	TRBJ1-2*01	CASSLTGGRGYTF	1.1079510409653741e-05	1	2	5
global	3551	96	0.002889547864872385	4	0.04258757280000001	19532.000000000004	TRAV35*01	TRAJ42*01	CAGLNYGGSQGNLIF	TRBV6-5*01	TRBJ1-2*01	CASSYGTGSLKGYTF	1.319428248800176e-05	1	2	5
global	4560	72	0.003887085496206115	3	0.0102519408	4701.0	TRAV8-3*01	TRAJ15*01	CAVGAKAGTALIF	TRBV20-1*01	TRBJ2-2*01	CSASGLNTGELFF	1.7668570437300526e-05	15	5	12
global	3547	48	0.004060303173132951	2	0.000610288	280.0	TRAV35*01	TRAJ42*01	CAGLNYGGSQGNLIF	TRBV6-1*01	TRBJ1-2*01	CASSGRQGALYGYTF	4.453381873453589e-22	1	6	5
global	2683	48	0.004240808474601162	2	0.0006237088	286.0	TRAV26-1*01	TRAJ47*01	CIVRVENGNKLVF	TRBV18*01	TRBJ2-4*01	CASSPGAKNIQYF	2.1838786628116093e-08	10	2	6
global	2519	72	0.004345131768842423	3	0.010640807200000001	4882.0	TRAV25*01	TRAJ54*01	CAGGAQKLVF	TRBV20-1*01	TRBJ1-2*01	CSAEAGGANYGYTF	9.918157814763402e-21	2	9	2
global	3586	96	0.004620917581565348	4	0.0479426352	21988.0	TRAV35*01	TRAJ42*01	CAGRNYGGSQGNLIF	TRBV6-1*01	TRBJ1-5*01	CASSARQGLEPQHF	2.062909634627388e-05	1	5	5
global	3558	96	0.004652528568630953	4	0.0480252096	22038.0	TRAV35*01	TRAJ42*01	CAGMNYGGSQGNLIF	TRBV4-1*01	TRBJ1-2*01	CASSQGVGYTF	2.0677904749470898e-05	1	5	5
global	2967	48	0.006170459869272769	2	0.0007523759999999999	345.0	TRAV29/DV5*01	TRAJ15*01	CAASSNQAGTALIF	TRBV19*01	TRBJ2-7*01	CASSIQGPYEQYF	1.2702188340624971e-08	13	6	0
global	3634	48	0.006312020207915395	2	0.0007609596000000001	349.0	TRAV35*01	TRAJ53*01	CAGRLSGGSNYKLTF	TRBV11-2*01	TRBJ1-2*01	CASSLTGNYGYTF	2.231283332374473e-08	4	9	5
global	3633	48	0.006312020207915395	2	0.0007609596000000001	349.0	TRAV35*01	TRAJ53*01	CAGRLSGGSNYKLTF	TRBV11-2*01	TRBJ1-2*01	CASSLTGNYGYTF	2.231283332374473e-08	4	6	5
global	3593	96	0.006755807616259852	5	0.1329350256	60957.0	TRAV35*01	TRAJ42*01	CAVMNYGGSQGNLIF	TRBV5-1*01	TRBJ1-2*01	CASSAGRGDGYTF	2.9501343302444765e-05	1	9	5
global	2538	72	0.007174999379712278	3	0.012583216000000001	5770.0	TRAV25*01	TRAJ54*01	CGGGAQKLVF	TRBV20-1*01	TRBJ1-3*01	CSAPISGNTIYF	9.742097245131646e-26	2	5	2
global	3553	96	0.007231868058188504	4	0.05368468	24626.0	TRAV35*01	TRAJ42*01	CAGMNYGGSQGNLIF	TRBV14*01	TRBJ1-2*01	CASSQRGAHGYTF	3.130678813068617e-05	1	12	5
global	4597	48	0.008294010859532642	2	0.00087232	400.0	TRAV8-3*01	TRAJ28*01	CAGGSRGAGSYQLTF	TRBV5-1*01	TRBJ1-1*01	CASSLENTEAFF	3.575004680833035e-05	42	9	1
global	3113	72	0.008348784483958389	3	0.013237208399999999	6071.0	TRAV29/DV5*01	TRAJ43*01	CAASGDNNDMRF	TRBV18*01	TRBJ2-7*01	CASSPLNYEQYF	1.106000873810513e-08	8	7	0
global	3221	96	0.008772493171004026	5	0.14023460640000002	64316.00000000001	TRAV29/DV5*01	TRAJ54*01	CAARWEGAQKLVF	TRBV20-1*01	TRBJ2-3*01	CSAPNSDTQYF	4.087669918668434e-13	5	6	2
global	2395	96	0.010245102391814727	3	0.0141752	6500.0	TRAV24*01	TRAJ37*01	CAFGNTGKLIF	TRBV27*01	TRBJ1-1*01	CASSLGTARNTEAFF	4.359618039070097e-05	27	2	15
global	3904	72	0.01159633650930781	2	0.0010315184	473.0	TRAV38-2/DV8*01	TRAJ47*01	CAYAYGNKLVF	TRBV7-8*01	TRBJ2-3*01	CASSLVTGGSTDTQYF	5.803347678189776e-09	11	12	4
global	955	48	0.011891899158267976	1	5.452e-07	0.25	TRAV13-2*01	TRAJ12*01	CAETMMDSSYKLIF	TRBV20-1*01	TRBJ2-7*01	CSARAPAHDEQYF	4.795120628333861e-05	19	9	2
global	302	24	0.011891899158267976	1	5.452e-07	0.25	TRAV12-1*01	TRAJ47*01	CVVEQYGNKLVF	TRBV7-8*01	TRBJ2-3*01	CASSLVAGASTDTQYF	4.795120628333861e-05	18	2	3
global	2442	24	0.011891899158267976	1	5.452e-07	0.25	TRAV25*01	TRAJ21*01	CATSYNFNKFYF	TRBV6-1*01	TRBJ2-5*01	CASSLTRDQYF	4.795120628333861e-05	28	5	5
global	954	48	0.011891899158267976	1	5.452e-07	0.25	TRAV13-2*01	TRAJ12*01	CAESAMDSSYKLIF	TRBV20-1*01	TRBJ2-7*01	CSARAMATDEQYF	4.795120628333861e-05	19	9	2
global	5090	24	0.011891899158267976	1	5.452e-07	0.25	TRAV8-6*01	TRAJ53*01	CAVRSGGSNYKLTF	TRBV5-8*01	TRBJ1-2*01	CASSLIGGAYGYTF	4.795120628333861e-05	33	2	1
global	2966	24	0.011891899158267976	1	5.452e-07	0.25	TRAV29/DV5*01	TRAJ15*01	CAASSNQAGTALIF	TRBV19*01	TRBJ2-7*01	CASSEAGPYEQYF	4.278521448177706e-06	13	9	0
global	2006	48	0.011891899158267976	1	5.452e-07	0.25	TRAV21*01	TRAJ38*01	CAVRPNAGNNRKLIW	TRBV12-3*01	TRBJ2-1*01	CASSLGENDEQFF	4.795120628333861e-05	24	5	8
global	2007	48	0.011891899158267976	1	5.452e-07	0.25	TRAV21*01	TRAJ38*01	CAVRPNAGNNRKLIW	TRBV12-3*01	TRBJ2-7*01	CASSFGEADEQYF	4.795120628333861e-05	24	9	8
global	2007	24	0.011891899158267976	1	5.452e-07	0.25	TRAV21*01	TRAJ38*01	CAVRPNAGNNRKLIW	TRBV12-3*01	TRBJ2-7*01	CASSFGEADEQYF	4.795120628333861e-05	24	9	8
global	301	24	0.011891899158267976	1	5.452e-07	0.25	TRAV12-1*01	TRAJ47*01	CVVEEYGNKLVF	TRBV7-8*01	TRBJ2-3*01	CASSLVAGASTDTQYF	4.795120628333861e-05	18	6	3
global	2006	24	0.011891899158267976	1	5.452e-07	0.25	TRAV21*01	TRAJ38*01	CAVRPNAGNNRKLIW	TRBV12-3*01	TRBJ2-1*01	CASSLGENDEQFF	4.795120628333861e-05	24	5	8
global	5089	24	0.011891899158267976	1	5.452e-07	0.25	TRAV8-6*01	TRAJ53*01	CAVRSGGSNYKLTF	TRBV5-8*01	TRBJ1-2*01	CASSLIGGAYGYTF	4.795120628333861e-05	33	2	1
global	1780	96	0.013538659634193356	4	0.0629117184	28848.0	TRAV2*01	TRAJ39*01	CAVHNAGNMLTF	TRBV7-3*01	TRBJ2-3*01	CASSLAGGSTDTQYF	5.747571241320089e-14	9	5	13
global	3563	96	0.015358576206682057	3	0.0162316944	7443.0	TRAV35*01	TRAJ42*01	CAGQLYGGSQGNLIF	TRBV7-8*01	TRBJ1-2*01	CASSPRAGNPHGYTF	6.143430482672824e-05	1	6	5
global	3114	72	0.01584210183542353	3	0.0164009688	7522.0	TRAV29/DV5*01	TRAJ43*01	CAASGDNNDMRF	TRBV18*01	TRBJ2-7*01	CASSPTNYEQYF	6.804533833474682e-12	8	9	0
global	3519	72	0.016193189613703075	3	0.0165217408	7576.0	TRAV35*01	TRAJ42*01	CAALNYGGSQGNLIF	TRBV5-5*01	TRBJ1-2*01	CASSLQGGNGYTF	2.0958210780196137e-10	1	6	5
global	3222	96	0.017949278687596586	5	0.1624201764	74491.0	TRAV29/DV5*01	TRAJ54*01	CAARWEGAQKLVF	TRBV20-1*01	TRBJ2-3*01	CSAPSSDTQYF	1.3682242613366939e-12	5	5	2
global	2664	96	0.018413692624930603	3	0.0172479472	7909.0	TRAV26-1*01	TRAJ43*01	CIVRAENNNDMRF	TRBV18*01	TRBJ2-4*01	CASSQGAKNIQYF	4.4385120667386585e-08	10	5	6
global	3539	96	0.018502353194820798	3	0.017275705199999998	7929.0	TRAV35*01	TRAJ42*01	CAGLNYGGSQGNLIF	TRBV5-5*01	TRBJ1-2*01	CASSLGTGGIPRGYTF	7.255824782282666e-05	1	9	5
global	3537	96	0.01925368215868133	3	0.0175074624	8028.0	TRAV35*01	TRAJ42*01	CAGLNYGGSQGNLIF	TRBV5-1*01	TRBJ2-2*01	CASTHYSPGATGELFF	7.520969593234894e-05	6	5	5
global	2517	72	0.01967941405316542	3	0.017636129599999998	8087.0	TRAV25*01	TRAJ54*01	CAAGAQKLVF	TRBV20-1*01	TRBJ2-3*01	CSASHTQYF	4.404513085165637e-24	2	2	2
global	3519	48	0.02043713234446572	2	0.0013695424000000002	628.0000000000001	TRAV35*01	TRAJ42*01	CAALNYGGSQGNLIF	TRBV5-5*01	TRBJ1-2*01	CASSLQGGNGYTF	2.0958210780196137e-10	1	6	5
global	3111	48	0.02661731652632144	2	0.00156306	717.0	TRAV29/DV5*01	TRAJ43*01	CAASADNNDMRF	TRBV18*01	TRBJ2-7*01	CASSPVNYEQYF	3.670368509596014e-07	8	5	0
global	3860	96	0.026798557214029576	3	0.0195574144	8968.0	TRAV38-2/DV8*01	TRAJ33*01	CAFGDSNYQLIW	TRBV7-8*01	TRBJ2-3*01	CASSLVSGASTDTQYF	0.00010307137390011375	11	6	4
global	3110	48	0.027590747953452642	2	0.0015914000000000002	730.0	TRAV29/DV5*01	TRAJ43*01	CAASADNNDMRF	TRBV18*01	TRBJ2-7*01	CASSPTNFEQYF	0.00010571167798257718	8	9	0
global	3448	72	0.028132451956145593	2	0.0016069548000000001	737.0	TRAV35*01	TRAJ17*01	CAGQLFKAAGNKLTF	TRBV11-2*01	TRBJ1-2*01	CASSPRQGGAYGYTF	0.00010737577082498317	4	5	5
global	3109	48	0.028735637259782714	2	0.0016241	745.0	TRAV29/DV5*01	TRAJ43*01	CAASADNNDMRF	TRBV18*01	TRBJ2-7*01	CASSPANYEQYF	4.0672780807097e-07	8	2	0
global	3564	96	0.03614774996039273	4	0.0807048656	37007.0	TRAV35*01	TRAJ42*01	CAGQLYGGSQGNLIF	TRBV5-5*01	TRBJ1-2*01	CASSLTGGRGYTF	1.1079510409653741e-05	1	2	5
global	2633	24	0.04756755773231621	1	2.1808e-06	1.0	TRAV26-1*01	TRAJ38*01	CIVRPRNAGNNRKLIW	TRBV19*01	TRBJ2-2*01	CASSIVEDSTGELFF	0.0001774908870608814	29	9	6
global	1453	24	0.04756755773231621	1	2.1808e-06	1.0	TRAV17*01	TRAJ37*01	CATDSSNTGKLIF	TRBV9*01	TRBJ2-2*01	CASSLNTNTGELFF	0.0001774908870608814	21	2	9
global	4362	48	0.04756755773231621	1	2.1808e-06	1.0	TRAV8-1*01	TRAJ13*01	CALAPGGYQKVTF	TRBV6-5*01	TRBJ2-7*01	CASSKGLAGGSSYEQYF	0.0001774908870608814	40	13	1
global	1304	48	0.04756755773231621	1	2.1808e-06	1.0	TRAV16*01	TRAJ40*01	CALRRGSGTYKYIF	TRBV12-4*01	TRBJ2-2*01	CASSLAGVDTGELFF	1.81682583798244e-06	12	5	14
global	3545	96	0.05060907492338714	4	0.08791459039999999	40313.0	TRAV35*01	TRAJ42*01	CAGLNYGGSQGNLIF	TRBV6-6*01	TRBJ2-2*01	CASSSRGGGTGELFF	0.0001878020045268914	1	2	5
global	3935	96	0.05070654122226068	3	0.024217784	11105.0	TRAV38-2/DV8*01	TRAJ54*01	CASAQGAQKLVF	TRBV7-8*01	TRBJ2-3*01	CASSLVTGASTDTQYF	0.0001878020045268914	11	12	4
global	3627	48	0.052396078164494805	2	0.0021934824	1006.0	TRAV35*01	TRAJ53*01	CAGQLSGGSNYKLTF	TRBV5-1*01	TRBJ1-2*01	CASSLTGNYGYTF	8.130383474992703e-07	4	9	5
global	3628	48	0.052396078164494805	2	0.0021934824	1006.0	TRAV35*01	TRAJ53*01	CAGQLSGGSNYKLTF	TRBV5-1*01	TRBJ1-2*01	CASSLTGNYGYTF	8.130383474992703e-07	4	2	5
global	3904	96	0.05523188167190749	3	0.024922182400000003	11428.000000000002	TRAV38-2/DV8*01	TRAJ47*01	CAYAYGNKLVF	TRBV7-8*01	TRBJ2-3*01	CASSLVTGGSTDTQYF	5.803347678189776e-09	11	12	4
global	3903	96	0.05581023089042527	3	0.0250094144	11468.0	TRAV38-2/DV8*01	TRAJ47*01	CAVGVGNKLVF	TRBV7-8*01	TRBJ2-3*01	CASSLVSGGETDTQYF	0.00020368697405264696	11	5	4
global	2027	96	0.05687257881949683	3	0.0251681	11545.0	TRAV21*01	TRAJ40*01	CAVTGTYKYIF	TRBV14*01	TRBJ1-1*01	CASSQGNRANTEAFF	3.1960564264738606e-13	7	5	8
global	2026	96	0.05690369373303249	3	0.025172717999999997	11545.0	TRAV21*01	TRAJ40*01	CAVTGTYKYIF	TRBV14*01	TRBJ1-1*01	CASSQGNRANTEAFF	3.1960564264738606e-13	7	9	8
global	3456	96	0.06542301983295816	3	0.026378956800000002	12096.0	TRAV35*01	TRAJ17*01	CAGQLNKAAGNKLTF	TRBV6-2*01	TRBJ1-1*01	CASSLRGSWDAFF	0.00023618418712259264	14	5	5
global	3579	96	0.0684294718744748	3	0.026779672799999998	12282.0	TRAV35*01	TRAJ42*01	CAGQNYGGSQGNLIF	TRBV9*01	TRBJ2-2*01	CASSPRLTVNTGELFF	0.0002461491794045856	6	5	5
global	3450	72	0.06931598961660076	2	0.0025231856	1157.0	TRAV35*01	TRAJ17*01	CAGQLFRAAGNKLTF	TRBV5-5*01	TRBJ2-5*01	CASSLGDRGGETQYF	0.00024844440722795975	38	6	5
global	2348	72	0.07884032788297071	2	0.0026911072	1234.0	TRAV23/DV6*01	TRAJ58*01	CAASVGLETSGSRLTF	TRBV20-1*01	TRBJ2-3*01	CSARKGADTQYF	0.00028157259958203827	37	12	2
global	1534	96	0.08200888916382199	3	0.0284572592	13049.0	TRAV17*01	TRAJ52*01	CATGSPGGTSYGKLTF	TRBV30*01	TRBJ2-5*01	CAWSVLAGETQYF	0.00029184658065417075	36	3	11
global	3444	72	0.09061114297243536	2	0.0028851983999999995	1322.9999999999998	TRAV35*01	TRAJ17*01	CAGQLAKAAGNKLTF	TRBV11-2*01	TRBJ1-2*01	CASSPRTANYGYTF	0.0003213161098313311	4	9	5
global	1809	24	0.09513501172941552	1	4.3616e-06	2.0	TRAV2*01	TRAJ6*01	CAVEDLGGGSYIPTF	TRBV20-1*01	TRBJ2-7*01	CSARVGQGGSYEQYF	0.0003326399011518025	23	2	2
global	2969	24	0.09513501172941552	1	4.3616e-06	2.0	TRAV29/DV5*01	TRAJ15*01	CAATSNQAGTALIF	TRBV19*01	TRBJ2-7*01	CASSIQGPYEQYF	5.556044098132617e-06	13	5	0
global	1808	24	0.09513501172941552	1	4.3616e-06	2.0	TRAV2*01	TRAJ6*01	CAVEDLGGGSYIPTF	TRBV20-1*01	TRBJ2-7*01	CSARVGQGGSYEQYF	0.0003326399011518025	23	7	2
global	2440	24	0.09513501172941552	1	4.3616e-06	2.0	TRAV25*01	TRAJ21*01	CAATYNFNKFYF	TRBV6-1*01	TRBJ2-1*01	CASSLTREQFF	0.0003326399011518025	28	5	5
global	3536	96	0.1036352229276221	3	0.0307841728	14116.0	TRAV35*01	TRAJ42*01	CAGLLYGGSQGNLIF	TRBV6-2*01	TRBJ1-2*01	CASTVRQGHGYTF	0.0003610983377269063	1	5	5
global	3559	72	0.12112790776623264	2	0.0033363551999999997	1530.9999999999998	TRAV35*01	TRAJ42*01	CAGMNYGGSQGNLIF	TRBV6-1*01	TRBJ1-2*01	CASLSSSLYGYTF	4.859953022952473e-15	1	2	5
global	4072	72	0.1427023619915246	1	6.5424e-06	3.0	TRAV4*01	TRAJ4*01	CLGVPSGGYNKLIF	TRBV4-3*01	TRBJ1-2*01	CASSQAGAGEDGYTF	0.0004937797992786318	39	12	6
global	3551	72	0.1560418528474979	2	0.0037873548	1737.0	TRAV35*01	TRAJ42*01	CAGLNYGGSQGNLIF	TRBV6-5*01	TRBJ1-2*01	CASSYGTGSLKGYTF	1.319428248800176e-05	1	2	5
global	3574	96	0.15774130115588028	4	0.117503664	53980.0	TRAV35*01	TRAJ42*01	CAGQNYGGSQGNLIF	TRBV6-2*01	TRBJ1-5*01	CASSYSQGQPQHF	0.0005420663269961522	1	9	5
global	1304	96	0.17627681024439826	2	0.0040257568	1846.0	TRAV16*01	TRAJ40*01	CALRRGSGTYKYIF	TRBV12-4*01	TRBJ2-2*01	CASSLAGVDTGELFF	1.81682583798244e-06	12	5	14
global	2348	96	0.17916038182884142	3	0.0370038144	16968.0	TRAV23/DV6*01	TRAJ58*01	CAASVGLETSGSRLTF	TRBV20-1*01	TRBJ2-3*01	CSARKGADTQYF	0.00028157259958203827	37	12	2
global	4561	96	0.18419641521000013	3	0.0373505616	17127.0	TRAV8-3*01	TRAJ15*01	CAVGAKAGTALIF	TRBV29-1*01	TRBJ2-2*01	CSVATQNTGELFF	0.0006265184190816332	15	2	12
global	3461	24	0.19026960851886876	1	8.7232e-06	4.0	TRAV35*01	TRAJ17*01	CAGQLNRAAGNKLTF	TRBV6-1*01	TRBJ1-1*01	CASSPRGTEAFF	0.0006384886191908348	14	5	5
global	3605	24	0.19026960851886876	1	8.7232e-06	4.0	TRAV35*01	TRAJ45*01	CAGLRSGGGADGLTF	TRBV15*01	TRBJ1-1*01	CATSRAGKGEAFF	0.0006384886191908348	31	10	5
global	3460	24	0.19026960851886876	1	8.7232e-06	4.0	TRAV35*01	TRAJ17*01	CAGQLNRAAGNKLTF	TRBV6-1*01	TRBJ1-1*01	CASSPRGTEAFF	0.0006384886191908348	14	12	5
global	3604	24	0.19026960851886876	1	8.7232e-06	4.0	TRAV35*01	TRAJ45*01	CAGLRSGGGADGLTF	TRBV15*01	TRBJ1-1*01	CATSRAGKGEAFF	0.0006384886191908348	31	10	5
global	1454	24	0.23783675131167542	1	1.0904000000000001e-05	5.0	TRAV17*01	TRAJ37*01	CATDSSNTGKLIF	TRBV9*01	TRBJ2-2*01	CASSPNTNTGELFF	0.0007927891710389181	21	5	9
global	2634	24	0.23783675131167542	1	1.0904000000000001e-05	5.0	TRAV26-1*01	TRAJ38*01	CIVRTRNAGNNRKLIW	TRBV19*01	TRBJ2-2*01	CASSLVEDSTGELFF	0.0007927891710389181	29	9	6
global	2442	48	0.3329707256945786	1	1.52656e-05	7.0	TRAV25*01	TRAJ21*01	CATSYNFNKFYF	TRBV6-1*01	TRBJ2-5*01	CASSLTRDQYF	4.795120628333861e-05	28	5	5
global	2062	24	0.3329707256945786	1	1.52656e-05	7.0	TRAV21*01	TRAJ49*01	CAVRSTGNQFYF	TRBV14*01	TRBJ2-7*01	CASSRRPGEQYF	0.0010989132861207213	25	2	8
global	226	48	0.3329707256945786	1	1.52656e-05	7.0	TRAV12-1*01	TRAJ3*01	CVVNRVASSASKIIF	TRBV6-1*01	TRBJ1-5*01	CASSEGASNQPQHF	0.0010989132861207213	17	5	3
global	2540	96	0.36937239596592936	3	0.0472165008	21651.0	TRAV25*01	TRAJ54*01	CGQGAQKLVF	TRBV29-1*01	TRBJ2-3*01	CSVVSDSTDTQYF	0.0012150407762037151	2	9	2
global	2682	24	0.3804677601027363	1	1.74432e-05	8.0	TRAV26-1*01	TRAJ47*01	CIVRVENGNKLVF	TRBV18*01	TRBJ2-4*01	CASSPGAKNIQYF	0.0012355115496270395	10	5	6
global	2681	24	0.3804677601027363	1	1.74432e-05	8.0	TRAV26-1*01	TRAJ47*01	CIVRVENGNKLVF	TRBV18*01	TRBJ2-4*01	CASSPGAKNIQYF	0.0012355115496270395	10	5	6
global	167	48	0.38053755728512817	1	1.74464e-05	8.0	TRAV12-1*01	TRAJ15*01	CVVNSQAGTALIF	TRBV4-1*01	TRBJ2-7*01	CASSLLAGGMDEQYF	0.0012355115496270395	16	6	3
global	1364	24	0.38053755728512817	1	1.74464e-05	8.0	TRAV17*01	TRAJ10*01	CATVLTGGGNKLTF	TRBV19*01	TRBJ1-5*01	CASSRGAGNQPQHF	3.064685684129685e-26	3	2	9
global	3628	96	0.4186579211849682	4	0.150981798	69245.0	TRAV35*01	TRAJ53*01	CAGQLSGGSNYKLTF	TRBV5-1*01	TRBJ1-2*01	CASSLTGNYGYTF	8.130383474992703e-07	4	2	5
global	3627	96	0.4186579211849682	4	0.150981798	69245.0	TRAV35*01	TRAJ53*01	CAGQLSGGSNYKLTF	TRBV5-1*01	TRBJ1-2*01	CASSLTGNYGYTF	8.130383474992703e-07	4	9	5
global	1303	96	0.4192602202696532	2	0.006213099200000001	2849.0	TRAV16*01	TRAJ40*01	CALRGASGTYKYIF	TRBV12-4*01	TRBJ2-2*01	CASSLTGVYTGELFF	1.0840820572472882e-05	12	2	14
global	5199	48	0.428104285142044	1	1.96272e-05	9.0	TRAV9-2*01	TRAJ27*01	CALSENTNAGKSTF	TRBV7-9*01	TRBJ2-3*01	CASSQGLAHADTQYF	0.001372129119045013	43	5	7
global	3548	72	0.43868668306044034	2	0.0063557136	2916.0	TRAV35*01	TRAJ42*01	CAGLNYGGSQGNLIF	TRBV6-2*01	TRBJ1-2*01	CASSYPGTVKGYTF	3.188495170608763e-15	1	5	5
global	1783	96	0.43956049487573723	3	0.050071168000000006	22960.0	TRAV2*01	TRAJ39*01	CAVNNAGNMLTF	TRBV7-3*01	TRBJ2-3*01	CASSRAGGSTDTQYF	8.719447586369544e-13	9	2	13
global	1782	96	0.43956049487573723	3	0.050071168000000006	22960.0	TRAV2*01	TRAJ39*01	CAVNNAGNMLTF	TRBV7-3*01	TRBJ2-3*01	CASSRAGGSTDTQYF	8.719447586369544e-13	9	5	13
global	1781	96	0.43956049487573723	3	0.050071168000000006	22960.0	TRAV2*01	TRAJ39*01	CAVNNAGNMLTF	TRBV7-3*01	TRBJ2-3*01	CASSRAGGSTDTQYF	8.719447586369544e-13	9	5	13
global	4276	48	0.47567090926555383	1	2.1808000000000002e-05	10.0	TRAV6*01	TRAJ17*01	CALPVAAGNKLTF	TRBV7-2*01	TRBJ1-3*01	CASSLGQGAGGNTIYF	0.0014911313770080057	32	2	9
global	2201	24	0.47567090926555383	1	2.1808000000000002e-05	10.0	TRAV23/DV6*01	TRAJ13*01	CAASGGYQKVTF	TRBV6-5*01	TRBJ2-7*01	CASSTGTEYEQYF	0.0014911313770080057	26	8	0
global	2200	24	0.47567090926555383	1	2.1808000000000002e-05	10.0	TRAV23/DV6*01	TRAJ13*01	CAASGGYQKVTF	TRBV6-5*01	TRBJ2-7*01	CASSTGTEYEQYF	0.0014911313770080057	26	8	0
global	2418	96	0.47722742433578913	2	0.006629632000000001	3040.0	TRAV24*01	TRAJ58*01	CARGTSGSRLTF	TRBV27*01	TRBJ1-1*01	CASSLGTTGVTEAFF	0.001491335701049341	27	6	15
global	1060	48	0.5232374296558813	1	2.39888e-05	11.0	TRAV13-2*01	TRAJ44*01	CAENTGTASKLTF	TRBV24-1*01	TRBJ1-1*01	CATSDSRQGLKAFF	0.0016300231453454245	20	6	0
global	3458	72	0.5409278082319217	2	0.0070592496	3237.0	TRAV35*01	TRAJ17*01	CAGQLNKAAGNKLTF	TRBV11-2*01	TRBJ1-2*01	CASSLTGAYGYTF	8.57255235362974e-11	4	6	5
global	1698	96	0.5513132665846152	2	0.0071268543999999994	3268.0	TRAV2*01	TRAJ12*01	CAVEDSSYKLIF	TRBV28*01	TRBJ1-1*01	CASKENRGRGTEAFF	0.0017068522185282207	22	6	13
global	3531	96	0.5565977077575358	3	0.054226548	24870.0	TRAV35*01	TRAJ42*01	CAGKNYGGSQGNLIF	TRBV6-2*01	TRBJ2-1*01	CASSYSPGAVREQFF	0.001717894159745481	1	9	5
global	1060	96	0.5617970013205059	2	0.0071944592	3299.0	TRAV13-2*01	TRAJ44*01	CAENTGTASKLTF	TRBV24-1*01	TRBJ1-1*01	CATSDSRQGLKAFF	0.0016300231453454245	20	6	0
global	3347	24	0.5708038463132561	1	2.61696e-05	12.0	TRAV3*01	TRAJ38*01	CAVRDPNAGNNRKLIW	TRBV30*01	TRBJ2-3*01	CAWSPGGSTDTQYF	0.0017297086251916853	30	5	11
global	4275	48	0.5708038463132561	1	2.61696e-05	12.0	TRAV6*01	TRAJ17*01	CALMAAGNKLTF	TRBV7-2*01	TRBJ1-3*01	CASSLGQGAGGNTIYF	0.0017297086251916853	32	5	9
global	223	48	0.5708038463132561	1	2.61696e-05	12.0	TRAV12-1*01	TRAJ3*01	CVVNKGSSASKIIF	TRBV6-1*01	TRBJ1-5*01	CASSEGANNQPQHF	0.0017297086251916853	17	5	3
global	2539	24	0.5708038463132561	1	2.61696e-05	12.0	TRAV25*01	TRAJ54*01	CGGGAQKLVF	TRBV20-1*01	TRBJ2-1*01	CSASSSAYNEQFF	2.5621737229578624e-27	2	6	2
global	3346	24	0.5708038463132561	1	2.61696e-05	12.0	TRAV3*01	TRAJ38*01	CAVRDPNAGNNRKLIW	TRBV30*01	TRBJ2-3*01	CAWSPGGSTDTQYF	0.0017297086251916853	30	5	11
global	2969	72	0.6135575126317031	2	0.0075193984	3448.0	TRAV29/DV5*01	TRAJ15*01	CAATSNQAGTALIF	TRBV19*01	TRBJ2-7*01	CASSIQGPYEQYF	5.556044098132617e-06	13	5	0
global	2057	24	0.6183701592379022	1	2.8350400000000002e-05	13.0	TRAV21*01	TRAJ49*01	CAARNTGNQFYF	TRBV14*01	TRBJ2-7*01	CASSRRPGGQYF	0.0018625607205960907	25	6	8
global	2682	72	0.6647542825897121	2	0.007827636	3590.0000000000005	TRAV26-1*01	TRAJ47*01	CIVRVENGNKLVF	TRBV18*01	TRBJ2-4*01	CASSPGAKNIQYF	0.0012355115496270395	10	5	6
global	2681	72	0.6647542825897121	2	0.007827636	3590.0000000000005	TRAV26-1*01	TRAJ47*01	CIVRVENGNKLVF	TRBV18*01	TRBJ2-4*01	CASSPGAKNIQYF	0.0012355115496270395	10	5	6
global	168	48	0.6659363684300442	1	3.05312e-05	14.0	TRAV12-1*01	TRAJ15*01	CVVNSQAGTALIF	TRBV4-1*01	TRBJ2-7*01	CASSLMTGGSYEQYF	0.001987869756507595	16	6	3
global	3584	96	0.7094216088853074	3	0.0588619728	26991.0	TRAV35*01	TRAJ42*01	CAGRNYGGSQGNLIF	TRBV6-1*01	TRBJ1-1*01	CASSGTFEAFF	0.0021093090466499324	1	2	5
global	1059	96	0.7108371487210272	2	0.0080951296	3712.0	TRAV13-2*01	TRAJ44*01	CAENSGTASKLTF	TRBV24-1*01	TRBJ1-1*01	CATSDSRFGQKAFF	0.0021093090466499324	20	11	0
global	1303	48	0.7135024738899124	1	3.2712e-05	15.0	TRAV16*01	TRAJ40*01	CALRGASGTYKYIF	TRBV12-4*01	TRBJ2-2*01	CASSLTGVYTGELFF	1.0840820572472882e-05	12	2	14
global	4397	48	0.7610684756177293	1	3.48928e-05	16.0	TRAV8-1*01	TRAJ29*01	CAVIGNSGNTPLVF	TRBV7-2*01	TRBJ2-5*01	CASSLQAAGQETQYF	0.0022450397510847472	41	2	1
global	2966	72	0.8046336711267699	2	0.00861416	3949.9999999999995	TRAV29/DV5*01	TRAJ15*01	CAASSNQAGTALIF	TRBV19*01	TRBJ2-7*01	CASSEAGPYEQYF	4.278521448177706e-06	13	9	0
global	3903	48	0.8086343736137247	1	3.70736e-05	17.0	TRAV38-2/DV8*01	TRAJ47*01	CAVGVGNKLVF	TRBV7-8*01	TRBJ2-3*01	CASSLVSGGETDTQYF	0.00020368697405264696	11	5	4
global	4597	72	0.8234285986446771	2	0.0087144768	3996.0	TRAV8-3*01	TRAJ28*01	CAGGSRGAGSYQLTF	TRBV5-1*01	TRBJ1-1*01	CASSLENTEAFF	3.575004680833035e-05	42	9	1
global	609	48	0.8562001678781205	1	3.92544e-05	18.0	TRAV12-3*01	TRAJ39*01	CAMRESNAGNMLTF	TRBV20-1*01	TRBJ2-3*01	CSANMPDTQYF	0.0024962104019770276	35	6	2
global	2634	48	0.95133144521303	1	4.3616000000000004e-05	20.0	TRAV26-1*01	TRAJ38*01	CIVRTRNAGNNRKLIW	TRBV19*01	TRBJ2-2*01	CASSLVEDSTGELFF	0.0007927891710389181	29	9	6
global	4640	72	0.964138966225641	2	0.00943196	4325.0	TRAV8-3*01	TRAJ39*01	CAVGVKAGNMLTF	TRBV20-1*01	TRBJ2-2*01	CSASGRNTGELFF	8.473221101295936e-06	15	2	12
global	2531	24	0.9988969282839917	1	4.57968e-05	21.000000000000004	TRAV25*01	TRAJ54*01	CAKGAQKLVF	TRBV20-1*01	TRBJ2-1*01	CSSGGTAYNEQFF	5.37816301280866e-27	2	9	2
global	264	48	0.9988969282839917	1	4.57968e-05	21.000000000000004	TRAV12-1*01	TRAJ4*01	CVVNRGGGYNKLIF	TRBV30*01	TRBJ1-1*01	CAWRGPAAEAFF	0.002878665499377498	34	2	11
